drugbank_id,name,type,smiles,groups
DB00231,Temazepam,small molecule,CN1C2=C(C=C(Cl)C=C2)C(=NC(O)C1=O)C1=CC=CC=C1,approved;investigational
DB00276,Amsacrine,small molecule,COC1=C(NC2=C3C=CC=CC3=NC3=CC=CC=C23)C=CC(NS(C)(=O)=O)=C1,approved;investigational
DB00284,Acarbose,small molecule,[H]C(=O)[C@H](O)[C@@H](O)[C@]([H])(O[C@@]1([H])O[C@H](CO)[C@@]([H])(O[C@H]2O[C@H](C)[C@@H](N[C@@]3([H])C=C(CO)[C@@H](O)[C@H](O)[C@H]3O)[C@H](O)[C@H]2O)[C@H](O)[C@H]1O)[C@H](O)CO,approved;investigational
DB00303,Ertapenem,small molecule,[H][C@]12[C@@H](C)C(S[C@]3([H])CN[C@@]([H])(C3)C(=O)NC3=CC=CC(=C3)C(O)=O)=C(N1C(=O)[C@]2([H])[C@@H](C)O)C(O)=O,approved;investigational
DB00318,Codeine,small molecule,[H][C@]12C=C[C@H](O)[C@@H]3OC4=C5C(C[C@H]1N(C)CC[C@@]235)=CC=C4OC,approved;illicit
DB00324,Fluorometholone,small molecule,[H][C@@]12CC[C@](O)(C(C)=O)[C@@]1(C)C[C@H](O)[C@@]1(F)[C@@]2([H])C[C@H](C)C2=CC(=O)C=C[C@]12C,approved;investigational
DB00335,Atenolol,small molecule,CC(C)NCC(O)COC1=CC=C(CC(N)=O)C=C1,approved
DB00338,Omeprazole,small molecule,COC1=CC2=C(C=C1)N=C(N2)S(=O)CC1=NC=C(C)C(OC)=C1C,approved;investigational;vet_approved
DB00352,Tioguanine,small molecule,NC1=NC(=S)C2=C(N1)N=CN2,approved
DB00411,Carbamoylcholine,small molecule,C[N+](C)(C)CCOC(N)=O,approved
DB00423,Methocarbamol,small molecule,COC1=C(OCC(O)COC(N)=O)C=CC=C1,approved;vet_approved
DB00449,Dipivefrin,small molecule,CNCC(O)C1=CC(OC(=O)C(C)(C)C)=C(OC(=O)C(C)(C)C)C=C1,approved
DB00479,Amikacin,small molecule,NCC[C@H](O)C(=O)N[C@@H]1C[C@H](N)[C@@H](O[C@H]2O[C@H](CN)[C@@H](O)[C@H](O)[C@H]2O)[C@H](O)[C@H]1O[C@H]1O[C@H](CO)[C@@H](O)[C@H](N)[C@H]1O,approved;investigational;vet_approved
DB00495,Zidovudine,small molecule,CC1=CN([C@H]2C[C@H](N=[N+]=[N-])[C@@H](CO)O2)C(=O)NC1=O,approved
DB00497,Oxycodone,small molecule,COC1=C2O[C@H]3C(=O)CC[C@@]4(O)[C@H]5CC(C=C1)=C2[C@@]34CCN5C,approved;illicit;investigational
DB00539,Toremifene,small molecule,CN(C)CCOC1=CC=C(C=C1)C(=C(\CCCl)C1=CC=CC=C1)\C1=CC=CC=C1,approved;investigational
DB00564,Carbamazepine,small molecule,NC(=O)N1C2=CC=CC=C2C=CC2=CC=CC=C12,approved;investigational
DB00570,Vinblastine,small molecule,[H][C@@]12N(C)C3=CC(OC)=C(C=C3[C@@]11CCN3CC=C[C@@](CC)([C@@H](OC(C)=O)[C@]2(O)C(=O)OC)[C@@]13[H])[C@]1(C[C@@]2([H])CN(C[C@](O)(CC)C2)CCC2=C1NC1=C2C=CC=C1)C(=O)OC,approved
DB00575,Clonidine,small molecule,ClC1=CC=CC(Cl)=C1NC1=NCCN1,approved
DB00634,Sulfacetamide,small molecule,CC(=O)NS(=O)(=O)C1=CC=C(N)C=C1,approved
DB00647,Dextropropoxyphene,small molecule,CCC(=O)O[C@@](CC1=CC=CC=C1)([C@H](C)CN(C)C)C1=CC=CC=C1,approved;illicit;investigational;withdrawn
DB00679,Thioridazine,small molecule,CSC1=CC2=C(SC3=CC=CC=C3N2CCC2CCCCN2C)C=C1,approved;withdrawn
DB00741,Hydrocortisone,small molecule,[H][C@@]12CC[C@](O)(C(=O)CO)[C@@]1(C)C[C@H](O)[C@@]1([H])[C@@]2([H])CCC2=CC(=O)CC[C@]12C,approved;vet_approved
DB00787,Acyclovir,small molecule,NC1=NC(=O)C2=C(N1)N(COCCO)C=N2,approved
DB00836,Loperamide,small molecule,CN(C)C(=O)C(CCN1CCC(O)(CC1)C1=CC=C(Cl)C=C1)(C1=CC=CC=C1)C1=CC=CC=C1,approved
DB00857,Terbinafine,small molecule,CN(C\C=C\C#CC(C)(C)C)CC1=CC=CC2=CC=CC=C12,approved;investigational;vet_approved
DB00871,Terbutaline,small molecule,CC(C)(C)NCC(O)C1=CC(O)=CC(O)=C1,approved
DB00915,Amantadine,small molecule,NC12CC3CC(CC(C3)C1)C2,approved
DB00938,Salmeterol,small molecule,OCC1=C(O)C=CC(=C1)C(O)CNCCCCCCOCCCCC1=CC=CC=C1,approved
DB00940,Methantheline,small molecule,CC[N+](C)(CC)CCOC(=O)C1C2=CC=CC=C2OC2=CC=CC=C12,approved;investigational
DB00947,Fulvestrant,small molecule,[H][C@@]12CC[C@H](O)[C@@]1(C)CC[C@]1([H])C3=CC=C(O)C=C3C[C@@H](CCCCCCCCCS(=O)CCCC(F)(F)C(F)(F)F)[C@@]21[H],approved;investigational
DB00957,Norgestimate,small molecule,[H][C@@]12CC[C@@](OC(C)=O)(C#C)[C@@]1(CC)CC[C@]1([H])[C@@]3([H])CC\C(C=C3CC[C@@]21[H])=N/O,approved;investigational
DB01006,Letrozole,small molecule,N#CC1=CC=C(C=C1)C(N1C=NC=N1)C1=CC=C(C=C1)C#N,approved;investigational
DB01009,Ketoprofen,small molecule,CC(C(O)=O)C1=CC(=CC=C1)C(=O)C1=CC=CC=C1,approved;vet_approved
DB01046,Lubiprostone,small molecule,[H][C@@]12CC(=O)[C@H](CCCCCCC(O)=O)[C@@]1([H])CC[C@@](O)(O2)C(F)(F)CCCC,approved;investigational
DB01067,Glipizide,small molecule,CC1=NC=C(N=C1)C(=O)NCCC1=CC=C(C=C1)S(=O)(=O)NC(=O)NC1CCCCC1,approved;investigational
DB01078,Deslanoside,small molecule,C[C@H]1O[C@H](C[C@H](O)[C@@H]1O[C@H]1C[C@H](O)[C@H](O[C@H]2C[C@H](O)[C@H](O[C@@H]3O[C@H](CO)[C@@H](O)[C@H](O)[C@H]3O)[C@@H](C)O2)[C@@H](C)O1)O[C@H]1CC[C@@]2(C)[C@H](CC[C@@H]3[C@@H]2C[C@@H](O)[C@]2(C)[C@H](CC[C@]32O)C2=CC(=O)OC2)C1,approved
DB01101,Capecitabine,small molecule,CCCCCOC(=O)NC1=NC(=O)N(C=C1F)[C@@H]1O[C@H](C)[C@@H](O)[C@H]1O,approved;investigational
DB01112,Cefuroxime,small molecule,[H][C@]12SCC(COC(N)=O)=C(N1C(=O)[C@H]2NC(=O)C(=N/OC)\C1=CC=CO1)C(O)=O,approved
DB01113,Papaverine,small molecule,COC1=C(OC)C=C(CC2=NC=CC3=CC(OC)=C(OC)C=C23)C=C1,approved;investigational
DB01115,Nifedipine,small molecule,COC(=O)C1=C(C)NC(C)=C(C1C1=CC=CC=C1[N+]([O-])=O)C(=O)OC,approved
DB01117,Atovaquone,small molecule,OC1=C([C@H]2CC[C@@H](CC2)C2=CC=C(Cl)C=C2)C(=O)C2=CC=CC=C2C1=O,approved
DB01167,Itraconazole,small molecule,CCC(C)N1N=CN(C1=O)C1=CC=C(C=C1)N1CCN(CC1)C1=CC=C(OC[C@H]2CO[C@@](CN3C=NC=N3)(O2)C2=C(Cl)C=C(Cl)C=C2)C=C1,approved;investigational
DB01168,Procarbazine,small molecule,CNNCC1=CC=C(C=C1)C(=O)NC(C)C,approved;investigational
DB01182,Propafenone,small molecule,CCCNCC(O)COC1=C(C=CC=C1)C(=O)CCC1=CC=CC=C1,approved
DB01198,Zopiclone,small molecule,CN1CCN(CC1)C(=O)OC1N(C(=O)C2=NC=CN=C12)C1=NC=C(Cl)C=C1,approved
DB01220,Rifaximin,small molecule,CO[C@H]1\C=C\O[C@@]2(C)OC3=C(C)C(O)=C4C(O)=C(NC(=O)\C(C)=C/C=C/[C@H](C)[C@H](O)[C@@H](C)[C@@H](O)[C@@H](C)[C@H](OC(C)=O)[C@@H]1C)C1=C(N=C5C=C(C)C=CN15)C4=C3C2=O,approved;investigational
DB01234,Dexamethasone,small molecule,[H][C@@]12C[C@@H](C)[C@](O)(C(=O)CO)[C@@]1(C)C[C@H](O)[C@@]1(F)[C@@]2([H])CCC2=CC(=O)C=C[C@]12C,approved;investigational;vet_approved
DB01244,Bepridil,small molecule,CC(C)COCC(CN(CC1=CC=CC=C1)C1=CC=CC=C1)N1CCCC1,approved;withdrawn
DB01274,Arformoterol,small molecule,COC1=CC=C(C[C@@H](C)NC[C@H](O)C2=CC(NC=O)=C(O)C=C2)C=C1,approved;investigational
DB01393,Bezafibrate,small molecule,CC(C)(OC1=CC=C(CCNC(=O)C2=CC=C(Cl)C=C2)C=C1)C(O)=O,approved;investigational
DB01424,Aminophenazone,small molecule,CN(C)C1=C(C)N(C)N(C1=O)C1=CC=CC=C1,approved;withdrawn
DB01428,Oxybenzone,small molecule,COC1=CC(O)=C(C=C1)C(=O)C1=CC=CC=C1,approved;investigational
DB01616,Alverine,small molecule,CCN(CCCC1=CC=CC=C1)CCCC1=CC=CC=C1,approved;investigational
DB05239,Cobimetinib,small molecule,OC1(CN(C1)C(=O)C1=C(NC2=C(F)C=C(I)C=C2)C(F)=C(F)C=C1)[C@@H]1CCCCN1,approved;investigational
DB06016,Cariprazine,small molecule,CN(C)C(=O)N[C@H]1CC[C@H](CCN2CCN(CC2)C2=C(Cl)C(Cl)=CC=C2)CC1,approved;investigational
DB06144,Sertindole,small molecule,FC1=CC=C(C=C1)N1C=C(C2CCN(CCN3CCNC3=O)CC2)C2=C1C=CC(Cl)=C2,approved;investigational;withdrawn
DB06150,Sulfadimethoxine,small molecule,COC1=NC(OC)=NC(NS(=O)(=O)C2=CC=C(N)C=C2)=C1,approved;vet_approved;withdrawn
DB06228,Rivaroxaban,small molecule,ClC1=CC=C(S1)C(=O)NC[C@H]1CN(C(=O)O1)C1=CC=C(C=C1)N1CCOCC1=O,approved
DB06701,Dexmethylphenidate,small molecule,[H][C@@](C(=O)OC)(C1=CC=CC=C1)[C@@]1([H])CCCCN1,approved;investigational
DB06708,Lumefantrine,small molecule,CCCCN(CCCC)CC(O)C1=C2C(=CC(Cl)=C1)\C(=C/C1=CC=C(Cl)C=C1)C1=C2C=CC(Cl)=C1,approved
DB06712,Nilvadipine,small molecule,COC(=O)C1=C(NC(C)=C(C1C1=CC(=CC=C1)[N+]([O-])=O)C(=O)OC(C)C)C#N,approved;investigational
DB06736,Aceclofenac,small molecule,OC(=O)COC(=O)CC1=CC=CC=C1NC1=C(Cl)C=CC=C1Cl,approved;investigational
DB06782,Dimercaprol,small molecule,OCC(S)CS,approved
DB06791,Lanreotide,small molecule,[H]N([H])CCCCC1N([H])C(=O)C(CC2=CN([H])C3=CC=CC=C23)N([H])C(=O)C(CC2=CC=C(O)C=C2)N([H])C(=O)C(CSSCC(N([H])C(=O)C(N([H])C1=O)C(C)C)C(=O)N([H])C(C(C)O)C(=O)N([H])[H])N([H])C(=O)C(CC1=CC2=CC=CC=C2C=C1)N([H])[H],approved
DB06797,Mebutamate,small molecule,CCC(C)C(C)(COC(N)=O)COC(N)=O,approved
DB06813,Pralatrexate,small molecule,NC1=NC2=NC=C(CC(CC#C)C3=CC=C(C=C3)C(=O)N[C@@H](CCC(O)=O)C(O)=O)N=C2C(N)=N1,approved;investigational
DB08801,Dimetindene,small molecule,CC(C1=C(CCN(C)C)CC2=CC=CC=C12)C1=CC=CC=N1,approved;investigational
DB08868,Fingolimod,small molecule,CCCCCCCCC1=CC=C(CCC(N)(CO)CO)C=C1,approved;investigational
DB08976,Floctafenine,small molecule,OCC(O)COC(=O)C1=CC=CC=C1NC1=CC=NC2=C(C=CC=C12)C(F)(F)F,approved;withdrawn
DB08981,Fenbufen,small molecule,OC(=O)CCC(=O)C1=CC=C(C=C1)C1=CC=CC=C1,approved
DB09009,Articaine,small molecule,CCCNC(C)C(=O)NC1=C(SC=C1C)C(=O)OC,approved
DB09047,Finafloxacin,small molecule,[H][C@]12CN(C[C@]1([H])OCCN2)C1=C(F)C=C2C(=O)C(=CN(C3CC3)C2=C1C#N)C(O)=O,approved;investigational
DB09063,Ceritinib,small molecule,CC(C)OC1=C(NC2=NC=C(Cl)C(N2)=NC2=CC=CC=C2S(=O)(=O)C(C)C)C=C(C)C(=C1)C1CCNCC1,approved
DB09091,Tixocortol,small molecule,[H][C@@]12CC[C@](O)(C(=O)CS)[C@@]1(C)C[C@H](O)[C@@]1([H])[C@@]2([H])CCC2=CC(=O)CC[C@]12C,approved;withdrawn
DB09093,Chlortetracycline,small molecule,[H][C@@]12C[C@@]3([H])C(=C(O)[C@]1(O)C(=O)C(C(N)=O)=C(O)[C@H]2N(C)C)C(=O)C1=C(O)C=CC(Cl)=C1[C@@]3(C)O,approved;investigational;vet_approved
DB09124,Medrogestone,small molecule,[H][C@@]12CC[C@](C)(C(C)=O)[C@@]1(C)CC[C@@]1([H])[C@@]2([H])C=C(C)C2=CC(=O)CC[C@]12C,approved;withdrawn
DB09143,Sonidegib,small molecule,[H][C@]1(C)CN(C[C@@]([H])(C)O1)C1=CC=C(NC(=O)C2=CC=CC(=C2C)C2=CC=C(OC(F)(F)F)C=C2)C=N1,approved;investigational
DB09319,Carindacillin,small molecule,[H][C@]12SC(C)(C)[C@@H](N1C(=O)[C@H]2NC(=O)C(C(=O)OC1=CC2=C(CCC2)C=C1)C1=CC=CC=C1)C(O)=O,approved;investigational
DB09401,Isosorbide,small molecule,[H][C@]1(O)CO[C@]2([H])[C@]([H])(O)CO[C@]12[H],approved;investigational
DB11102,N-acetyltyrosine,small molecule,CC(=O)N[C@@H](CC1=CC=C(O)C=C1)C(O)=O,approved
DB11201,Menthyl salicylate,small molecule,CC(C)[C@@H]1CC[C@@H](C)C[C@H]1OC(=O)C1=CC=CC=C1O,approved
DB11609,Normethadone,small molecule,CCC(=O)C(CCN(C)C)(C1=CC=CC=C1)C1=CC=CC=C1,approved;illicit
DB11672,Curcumin,small molecule,COC1=CC(\C=C\C(=O)CC(=O)\C=C\C2=CC(OC)=C(O)C=C2)=CC=C1O,approved;investigational
DB11682,Daprodustat,small molecule,OC(=O)CNC(=O)C1C(=O)N(C2CCCCC2)C(=O)N(C2CCCCC2)C1=O,approved;investigational
DB11703,Acalabrutinib,small molecule,CC#CC(=O)N1CCC[C@H]1C1=NC(=C2N1C=CN=C2N)C1=CC=C(C=C1)C(=O)NC1=CC=CC=N1,approved;investigational
DB11791,Capmatinib,small molecule,CNC(=O)C1=C(F)C=C(C=C1)C1=NN2C(CC3=CC4=C(C=C3)N=CC=C4)=CN=C2N=C1,approved;investigational
DB12095,Telotristat ethyl,small molecule,CCOC(=O)[C@@H](N)CC1=CC=C(C=C1)C1=NC(N)=NC(O[C@H](C2=CC=C(Cl)C=C2N2C=CC(C)=N2)C(F)(F)F)=C1,approved;investigational
DB12329,Eravacycline,small molecule,[H][C@@]12CC3=C(F)C=C(NC(=O)CN4CCCC4)C(O)=C3C(=O)C1=C(O)[C@]1(O)C(=O)C(C(N)=O)=C(O)[C@@H](N(C)C)[C@]1([H])C2,approved;investigational
DB12877,Oxatomide,small molecule,O=C1NC2=C(C=CC=C2)N1CCCN1CCN(CC1)C(C1=CC=CC=C1)C1=CC=CC=C1,approved;investigational
DB12911,Nicoboxil,small molecule,CCCCOCCOC(=O)C1=CN=CC=C1,approved;investigational
DB13074,Macimorelin,small molecule,CC(C)(N)C(=O)N[C@H](CC1=CNC2=CC=CC=C12)C(=O)N[C@H](CC1=CNC2=CC=CC=C12)NC=O,approved;investigational
DB13213,Butaperazine,small molecule,CCCC(=O)C1=CC2=C(SC3=CC=CC=C3N2CCCN2CCN(C)CC2)C=C1,approved
DB13946,Testosterone undecanoate,small molecule,CCCCCCCCCCC(=O)O[C@H]1CC[C@H]2[C@@H]3CCC4=CC(=O)CC[C@]4(C)[C@H]3CC[C@]12C,approved;investigational
DB13952,Estradiol acetate,small molecule,[H][C@@]12CC[C@H](O)[C@@]1(C)CC[C@]1([H])C3=CC=C(OC(C)=O)C=C3CC[C@@]21[H],approved;investigational;vet_approved
DB14539,Hydrocortisone acetate,small molecule,[H][C@@]12CC[C@](O)(C(=O)COC(C)=O)[C@@]1(C)C[C@H](O)[C@@]1([H])[C@@]2([H])CCC2=CC(=O)CC[C@]12C,approved;vet_approved
DB14627,Oxyphenisatin acetate,small molecule,CC(=O)OC1=CC=C(C=C1)C1(C(=O)NC2=CC=CC=C12)C1=CC=C(OC(C)=O)C=C1,approved;investigational;withdrawn
DB15149,Futibatinib,small molecule,COC1=CC(=CC(OC)=C1)C#CC1=NN([C@H]2CCN(C2)C(=O)C=C)C2=C1C(N)=NC=N2,approved;investigational
DB16956,L-Acetylleucine,small molecule,CC(C)C[C@H](NC(C)=O)C(O)=O,approved;investigational
DB17083,Linzagolix,small molecule,COC1=C(COC2=C(OC)C=C(F)C(=C2)N2C(=O)NC3=CSC(C(O)=O)=C3C2=O)C(F)=C(F)C=C1,approved
