drug_a_id,drug_b_id,pk_pd_label,entity_id,entity_name,entity_type
DB00231,DB01198,PD,BE0000736,Translocator protein,target
DB00318,DB00497,PD,BE0000632,Kappa-type opioid receptor,target
DB00318,DB00647,PD,BE0000420,Delta-type opioid receptor,target
DB00318,DB00857,PK,BE0002638,Cytochrome P450 3A4,enzyme
DB00318,DB06708,PK,BE0002363,Cytochrome P450 2D6,enzyme
DB00318,DB00679,PK,BE0002363,Cytochrome P450 2D6,enzyme
DB00318,DB01182,PK,BE0002363,Cytochrome P450 2D6,enzyme
DB00318,DB01244,PK,BE0002363,Cytochrome P450 2D6,enzyme
DB00318,DB01115,PK,BE0002638,Cytochrome P450 3A4,enzyme
DB00318,DB00570,PK,BE0002638,Cytochrome P450 3A4,enzyme
DB00318,DB06712,PK,BE0002638,Cytochrome P450 3A4,enzyme
DB00318,DB01167,PK,BE0002638,Cytochrome P450 3A4,enzyme
DB00318,DB00564,PK,BE0002638,Cytochrome P450 3A4,enzyme
DB00318,DB01234,PK,BE0002638,Cytochrome P450 3A4,enzyme
DB00318,DB11672,PK,BE0002638,Cytochrome P450 3A4,enzyme
DB00318,DB12095,PK,BE0003681,UDP-glucuronosyltransferase 2B4,enzyme
DB00324,DB01234,PD,BE0000794,Glucocorticoid receptor,target
DB00324,DB09091,PD,BE0000794,Glucocorticoid receptor,target
DB00324,DB14539,PD,BE0000794,Glucocorticoid receptor,target
DB00324,DB00957,PK,BE0002638,Cytochrome P450 3A4,enzyme
DB00324,DB12095,PK,BE0002638,Cytochrome P450 3A4,enzyme
DB00335,DB01182,PD,BE0000172,Beta-1 adrenergic receptor,target
DB00335,DB00857,PK,BE0002363,Cytochrome P450 2D6,enzyme
DB00335,DB06708,PK,BE0002363,Cytochrome P450 2D6,enzyme
DB00335,DB00679,PK,BE0002363,Cytochrome P450 2D6,enzyme
DB00335,DB00871,PD,BE0000172,Beta-1 adrenergic receptor,target
DB00335,DB00938,PD,BE0000172,Beta-1 adrenergic receptor,target
DB00335,DB01274,PD,BE0000694,Beta-2 adrenergic receptor,target
DB00335,DB01234,PK,BE0000703,Bile salt export pump,transporter
DB00335,DB00570,PK,BE0000703,Bile salt export pump,transporter
DB00335,DB00647,PK,BE0002363,Cytochrome P450 2D6,enzyme
DB00335,DB11672,PK,BE0002363,Cytochrome P450 2D6,enzyme
DB00495,DB00741,PK,BE0001032,ATP-dependent translocase ABCB1,transporter
DB00495,DB01067,PK,BE0003541,UDP-glucuronosyltransferase 1A1,enzyme
DB00495,DB13952,PK,BE0002638,Cytochrome P450 3A4,enzyme
DB00495,DB00957,PK,BE0002638,Cytochrome P450 3A4,enzyme
DB00495,DB01006,PK,BE0003336,Cytochrome P450 2A6,enzyme
DB00495,DB06712,PK,BE0002638,Cytochrome P450 3A4,enzyme
DB00495,DB01115,PK,BE0002793,Cytochrome P450 2C9,enzyme
DB00495,DB01117,PK,BE0002793,Cytochrome P450 2C9,enzyme
DB00495,DB09063,PK,BE0002793,Cytochrome P450 2C9,enzyme
DB00495,DB01101,PK,BE0002793,Cytochrome P450 2C9,enzyme
DB00495,DB11791,PK,BE0001032,ATP-dependent translocase ABCB1,transporter
DB00495,DB00836,PK,BE0002638,Cytochrome P450 3A4,enzyme
DB00495,DB01167,PK,BE0002638,Cytochrome P450 3A4,enzyme
DB00495,DB11672,PK,BE0002793,Cytochrome P450 2C9,enzyme
DB00495,DB12095,PK,BE0002638,Cytochrome P450 3A4,enzyme
DB00497,DB00647,PD,BE0000420,Delta-type opioid receptor,target
DB00497,DB00857,PK,BE0002638,Cytochrome P450 3A4,enzyme
DB00497,DB06708,PK,BE0002363,Cytochrome P450 2D6,enzyme
DB00497,DB00679,PK,BE0002363,Cytochrome P450 2D6,enzyme
DB00497,DB01182,PK,BE0002363,Cytochrome P450 2D6,enzyme
DB00497,DB11703,PK,BE0002638,Cytochrome P450 3A4,enzyme
DB00497,DB00741,PK,BE0002638,Cytochrome P450 3A4,enzyme
DB00497,DB13952,PK,BE0002638,Cytochrome P450 3A4,enzyme
DB00497,DB14539,PK,BE0002638,Cytochrome P450 3A4,enzyme
DB00497,DB00564,PK,BE0002638,Cytochrome P450 3A4,enzyme
DB00497,DB01244,PK,BE0002363,Cytochrome P450 2D6,enzyme
DB00497,DB01115,PK,BE0002638,Cytochrome P450 3A4,enzyme
DB00497,DB00570,PK,BE0002638,Cytochrome P450 3A4,enzyme
DB00497,DB06712,PK,BE0002638,Cytochrome P450 3A4,enzyme
DB00497,DB01167,PK,BE0002638,Cytochrome P450 3A4,enzyme
DB00497,DB01234,PK,BE0002638,Cytochrome P450 3A4,enzyme
DB00497,DB11672,PK,BE0002638,Cytochrome P450 3A4,enzyme
DB00497,DB12095,PK,BE0002638,Cytochrome P450 3A4,enzyme
DB00539,DB01220,PK,BE0002638,Cytochrome P450 3A4,enzyme
DB00539,DB00957,PK,BE0002638,Cytochrome P450 3A4,enzyme
DB00539,DB11791,PK,BE0002638,Cytochrome P450 3A4,enzyme
DB00539,DB09063,PK,BE0002638,Cytochrome P450 3A4,enzyme
DB00539,DB00570,PK,BE0002638,Cytochrome P450 3A4,enzyme
DB00539,DB05239,PK,BE0002638,Cytochrome P450 3A4,enzyme
DB00539,DB01167,PK,BE0002638,Cytochrome P450 3A4,enzyme
DB00539,DB00564,PK,BE0002638,Cytochrome P450 3A4,enzyme
DB00539,DB01234,PK,BE0002638,Cytochrome P450 3A4,enzyme
DB00539,DB11672,PK,BE0002638,Cytochrome P450 3A4,enzyme
DB00539,DB12095,PK,BE0002638,Cytochrome P450 3A4,enzyme
DB00539,DB15149,PK,BE0002638,Cytochrome P450 3A4,enzyme
DB00564,DB00957,PK,BE0002793,Cytochrome P450 2C9,enzyme
DB00564,DB01424,PK,BE0002433,Cytochrome P450 1A2,enzyme
DB00564,DB01182,PK,BE0002638,Cytochrome P450 3A4,enzyme
DB00564,DB09009,PD,BE0009738,Voltage-gated sodium channel alpha subunit,target
DB00564,DB00570,PK,BE0002638,Cytochrome P450 3A4,enzyme
DB00564,DB00741,PK,BE0002362,Cytochrome P450 3A5,enzyme
DB00564,DB00857,PK,BE0002433,Cytochrome P450 1A2,enzyme
DB00564,DB13952,PK,BE0002362,Cytochrome P450 3A5,enzyme
DB00564,DB14539,PK,BE0002887,Cytochrome P450 2C8,enzyme
DB00564,DB01115,PK,BE0002362,Cytochrome P450 3A5,enzyme
DB00564,DB06712,PK,BE0002887,Cytochrome P450 2C8,enzyme
DB00564,DB06791,PK,BE0002638,Cytochrome P450 3A4,enzyme
DB00564,DB09063,PK,BE0002638,Cytochrome P450 3A4,enzyme
DB00564,DB00647,PK,BE0002638,Cytochrome P450 3A4,enzyme
DB00564,DB11703,PK,BE0002638,Cytochrome P450 3A4,enzyme
DB00564,DB00938,PK,BE0002887,Cytochrome P450 2C8,enzyme
DB00564,DB06228,PK,BE0002638,Cytochrome P450 3A4,enzyme
DB00564,DB11791,PK,BE0002638,Cytochrome P450 3A4,enzyme
DB00564,DB00836,PK,BE0002887,Cytochrome P450 2C8,enzyme
DB00564,DB01167,PK,BE0002638,Cytochrome P450 3A4,enzyme
DB00564,DB06016,PK,BE0002362,Cytochrome P450 3A5,enzyme
DB00564,DB06144,PK,BE0002638,Cytochrome P450 3A4,enzyme
DB00564,DB01198,PK,BE0002887,Cytochrome P450 2C8,enzyme
DB00564,DB01006,PK,BE0002638,Cytochrome P450 3A4,enzyme
DB00564,DB01117,PK,BE0002638,Cytochrome P450 3A4,enzyme
DB00564,DB01244,PK,BE0002638,Cytochrome P450 3A4,enzyme
DB00564,DB01393,PK,BE0002887,Cytochrome P450 2C8,enzyme
DB00564,DB06708,PK,BE0002638,Cytochrome P450 3A4,enzyme
DB00564,DB12329,PK,BE0002638,Cytochrome P450 3A4,enzyme
DB00564,DB13074,PK,BE0002638,Cytochrome P450 3A4,enzyme
DB00564,DB01234,PK,BE0002362,Cytochrome P450 3A5,enzyme
DB00564,DB05239,PK,BE0002638,Cytochrome P450 3A4,enzyme
DB00564,DB09143,PK,BE0002638,Cytochrome P450 3A4,enzyme
DB00564,DB11672,PK,BE0002638,Cytochrome P450 3A4,enzyme
DB00564,DB12095,PK,BE0003679,UDP-glucuronosyltransferase 2B7,enzyme
DB00564,DB15149,PK,BE0002793,Cytochrome P450 2C9,enzyme
DB00570,DB01198,PK,BE0002638,Cytochrome P450 3A4,enzyme
DB00570,DB01067,PK,BE0000703,Bile salt export pump,transporter
DB00570,DB01182,PK,BE0002638,Cytochrome P450 3A4,enzyme
DB00570,DB14539,PK,BE0002638,Cytochrome P450 3A4,enzyme
DB00570,DB00957,PK,BE0002638,Cytochrome P450 3A4,enzyme
DB00570,DB01115,PK,BE0000703,Bile salt export pump,transporter
DB00570,DB05239,PK,BE0002638,Cytochrome P450 3A4,enzyme
DB00570,DB00575,PK,BE0002638,Cytochrome P450 3A4,enzyme
DB00570,DB11703,PK,BE0002638,Cytochrome P450 3A4,enzyme
DB00570,DB00741,PK,BE0002638,Cytochrome P450 3A4,enzyme
DB00570,DB00857,PK,BE0002638,Cytochrome P450 3A4,enzyme
DB00570,DB13952,PK,BE0002638,Cytochrome P450 3A4,enzyme
DB00570,DB09143,PK,BE0002638,Cytochrome P450 3A4,enzyme
DB00570,DB06712,PK,BE0002638,Cytochrome P450 3A4,enzyme
DB00570,DB09063,PK,BE0002638,Cytochrome P450 3A4,enzyme
DB00570,DB06791,PK,BE0002638,Cytochrome P450 3A4,enzyme
DB00570,DB00647,PK,BE0002638,Cytochrome P450 3A4,enzyme
DB00570,DB00679,PK,BE0002363,Cytochrome P450 2D6,enzyme
DB00570,DB01274,PK,BE0002363,Cytochrome P450 2D6,enzyme
DB00570,DB01424,PK,BE0002638,Cytochrome P450 3A4,enzyme
DB00570,DB06144,PK,BE0002638,Cytochrome P450 3A4,enzyme
DB00570,DB01244,PK,BE0002638,Cytochrome P450 3A4,enzyme
DB00570,DB06228,PK,BE0002638,Cytochrome P450 3A4,enzyme
DB00570,DB11791,PK,BE0002638,Cytochrome P450 3A4,enzyme
DB00570,DB01167,PK,BE0002638,Cytochrome P450 3A4,enzyme
DB00570,DB00836,PK,BE0002638,Cytochrome P450 3A4,enzyme
DB00570,DB01234,PK,BE0002638,Cytochrome P450 3A4,enzyme
DB00570,DB11672,PK,BE0002638,Cytochrome P450 3A4,enzyme
DB00570,DB12095,PK,BE0002638,Cytochrome P450 3A4,enzyme
DB00570,DB15149,PK,BE0002638,Cytochrome P450 3A4,enzyme
DB00575,DB00857,PK,BE0002638,Cytochrome P450 3A4,enzyme
DB00575,DB06708,PK,BE0002363,Cytochrome P450 2D6,enzyme
DB00575,DB00741,PK,BE0002638,Cytochrome P450 3A4,enzyme
DB00575,DB13952,PK,BE0002638,Cytochrome P450 3A4,enzyme
DB00575,DB14539,PK,BE0002638,Cytochrome P450 3A4,enzyme
DB00575,DB11703,PK,BE0002638,Cytochrome P450 3A4,enzyme
DB00575,DB06791,PK,BE0002638,Cytochrome P450 3A4,enzyme
DB00575,DB05239,PK,BE0002638,Cytochrome P450 3A4,enzyme
DB00575,DB01182,PK,BE0002433,Cytochrome P450 1A2,enzyme
DB00575,DB00679,PD,BE0000575,Alpha-1B adrenergic receptor,target
DB00575,DB06016,PD,BE0000501,Alpha-1A adrenergic receptor,target
DB00575,DB11791,PK,BE0002433,Cytochrome P450 1A2,enzyme
DB00575,DB01167,PK,BE0002638,Cytochrome P450 3A4,enzyme
DB00575,DB01234,PK,BE0002638,Cytochrome P450 3A4,enzyme
DB00575,DB11672,PK,BE0002638,Cytochrome P450 3A4,enzyme
DB00575,DB12095,PK,BE0002638,Cytochrome P450 3A4,enzyme
DB00647,DB01198,PK,BE0002638,Cytochrome P450 3A4,enzyme
DB00647,DB00857,PK,BE0002638,Cytochrome P450 3A4,enzyme
DB00647,DB06708,PK,BE0002638,Cytochrome P450 3A4,enzyme
DB00647,DB00679,PK,BE0002363,Cytochrome P450 2D6,enzyme
DB00647,DB01182,PK,BE0002638,Cytochrome P450 3A4,enzyme
DB00647,DB05239,PK,BE0002638,Cytochrome P450 3A4,enzyme
DB00647,DB09063,PK,BE0002638,Cytochrome P450 3A4,enzyme
DB00647,DB11703,PK,BE0002638,Cytochrome P450 3A4,enzyme
DB00647,DB09143,PK,BE0002638,Cytochrome P450 3A4,enzyme
DB00647,DB01274,PK,BE0002363,Cytochrome P450 2D6,enzyme
DB00647,DB01115,PK,BE0002638,Cytochrome P450 3A4,enzyme
DB00647,DB01244,PK,BE0002638,Cytochrome P450 3A4,enzyme
DB00647,DB01424,PK,BE0002638,Cytochrome P450 3A4,enzyme
DB00647,DB06712,PK,BE0002638,Cytochrome P450 3A4,enzyme
DB00647,DB01167,PK,BE0002638,Cytochrome P450 3A4,enzyme
DB00647,DB01234,PK,BE0002638,Cytochrome P450 3A4,enzyme
DB00647,DB11672,PK,BE0002638,Cytochrome P450 3A4,enzyme
DB00647,DB12095,PK,BE0002638,Cytochrome P450 3A4,enzyme
DB00679,DB00915,PD,BE0000756,D(2) dopamine receptor,target
DB00679,DB06708,PK,BE0002363,Cytochrome P450 2D6,enzyme
DB00679,DB00857,PK,BE0002363,Cytochrome P450 2D6,enzyme
DB00679,DB06016,PD,BE0000451,5-hydroxytryptamine receptor 2A,target
DB00679,DB06144,PK,BE0002363,Cytochrome P450 2D6,enzyme
DB00679,DB01182,PD,BE0000090,Voltage-gated inwardly rectifying potassium channel KCNH2,target
DB00679,DB01274,PK,BE0002363,Cytochrome P450 2D6,enzyme
DB00679,DB01424,PK,BE0002363,Cytochrome P450 2D6,enzyme
DB00679,DB01244,PK,BE0002363,Cytochrome P450 2D6,enzyme
DB00679,DB01006,PK,BE0003536,Cytochrome P450 2C19,enzyme
DB00679,DB11672,PK,BE0002363,Cytochrome P450 2D6,enzyme
DB00741,DB00787,PK,BE0003645,Organic anion transporter 3,transporter
DB00741,DB00957,PK,BE0002793,Cytochrome P450 2C9,enzyme
DB00741,DB11703,PK,BE0002638,Cytochrome P450 3A4,enzyme
DB00741,DB05239,PK,BE0002638,Cytochrome P450 3A4,enzyme
DB00741,DB09143,PK,BE0002638,Cytochrome P450 3A4,enzyme
DB00741,DB06228,PK,BE0002638,Cytochrome P450 3A4,enzyme
DB00741,DB00857,PK,BE0002887,Cytochrome P450 2C8,enzyme
DB00741,DB01198,PK,BE0002887,Cytochrome P450 2C8,enzyme
DB00741,DB01006,PK,BE0002638,Cytochrome P450 3A4,enzyme
DB00741,DB01115,PK,BE0002638,Cytochrome P450 3A4,enzyme
DB00741,DB13952,PK,BE0003536,Cytochrome P450 2C19,enzyme
DB00741,DB11791,PK,BE0002638,Cytochrome P450 3A4,enzyme
DB00741,DB06712,PK,BE0002638,Cytochrome P450 3A4,enzyme
DB00741,DB01167,PK,BE0002638,Cytochrome P450 3A4,enzyme
DB00741,DB00836,PK,BE0002887,Cytochrome P450 2C8,enzyme
DB00741,DB01234,PK,BE0002362,Cytochrome P450 3A5,enzyme
DB00741,DB11672,PK,BE0002638,Cytochrome P450 3A4,enzyme
DB00741,DB12095,PK,BE0002638,Cytochrome P450 3A4,enzyme
DB00741,DB11682,PK,BE0002887,Cytochrome P450 2C8,enzyme
DB00787,DB01009,PK,BE0001066,Solute carrier family 22 member 6,transporter
DB00787,DB01234,PK,BE0003645,Organic anion transporter 3,transporter
DB00787,DB13946,PK,BE0003657,Multidrug and toxin extrusion protein 1,transporter
DB00836,DB00938,PK,BE0002887,Cytochrome P450 2C8,enzyme
DB00836,DB01244,PD,BE0027477,Calmodulin,target
DB00836,DB01198,PK,BE0002638,Cytochrome P450 3A4,enzyme
DB00836,DB00857,PK,BE0002638,Cytochrome P450 3A4,enzyme
DB00836,DB05239,PK,BE0002638,Cytochrome P450 3A4,enzyme
DB00836,DB01115,PD,BE0027477,Calmodulin,target
DB00836,DB01167,PK,BE0002638,Cytochrome P450 3A4,enzyme
DB00836,DB01182,PK,BE0001032,ATP-dependent translocase ABCB1,transporter
DB00836,DB01393,PK,BE0002887,Cytochrome P450 2C8,enzyme
DB00836,DB01424,PK,BE0002638,Cytochrome P450 3A4,enzyme
DB00836,DB00957,PK,BE0001032,ATP-dependent translocase ABCB1,transporter
DB00836,DB01234,PK,BE0002887,Cytochrome P450 2C8,enzyme
DB00836,DB13952,PK,BE0002638,Cytochrome P450 3A4,enzyme
DB00836,DB06228,PK,BE0002638,Cytochrome P450 3A4,enzyme
DB00836,DB11791,PK,BE0001032,ATP-dependent translocase ABCB1,transporter
DB00836,DB11672,PK,BE0002638,Cytochrome P450 3A4,enzyme
DB00836,DB12095,PK,BE0002887,Cytochrome P450 2C8,enzyme
DB00836,DB15149,PK,BE0002638,Cytochrome P450 3A4,enzyme
DB00836,DB11682,PK,BE0002887,Cytochrome P450 2C8,enzyme
DB00857,DB01115,PK,BE0002433,Cytochrome P450 1A2,enzyme
DB00857,DB01274,PK,BE0002363,Cytochrome P450 2D6,enzyme
DB00857,DB01182,PK,BE0002638,Cytochrome P450 3A4,enzyme
DB00857,DB01244,PK,BE0002638,Cytochrome P450 3A4,enzyme
DB00857,DB01424,PK,BE0002363,Cytochrome P450 2D6,enzyme
DB00857,DB06144,PK,BE0002638,Cytochrome P450 3A4,enzyme
DB00857,DB00938,PK,BE0002887,Cytochrome P450 2C8,enzyme
DB00857,DB00957,PK,BE0002638,Cytochrome P450 3A4,enzyme
DB00857,DB09063,PK,BE0002793,Cytochrome P450 2C9,enzyme
DB00857,DB05239,PK,BE0002638,Cytochrome P450 3A4,enzyme
DB00857,DB11703,PK,BE0002638,Cytochrome P450 3A4,enzyme
DB00857,DB09143,PK,BE0002638,Cytochrome P450 3A4,enzyme
DB00857,DB01009,PK,BE0002887,Cytochrome P450 2C8,enzyme
DB00857,DB06712,PK,BE0002887,Cytochrome P450 2C8,enzyme
DB00857,DB01198,PK,BE0002638,Cytochrome P450 3A4,enzyme
DB00857,DB13952,PK,BE0002433,Cytochrome P450 1A2,enzyme
DB00857,DB01117,PK,BE0002793,Cytochrome P450 2C9,enzyme
DB00857,DB01101,PK,BE0002793,Cytochrome P450 2C9,enzyme
DB00857,DB11791,PK,BE0002638,Cytochrome P450 3A4,enzyme
DB00857,DB01167,PK,BE0002638,Cytochrome P450 3A4,enzyme
DB00857,DB01234,PK,BE0002887,Cytochrome P450 2C8,enzyme
DB00857,DB11672,PK,BE0002793,Cytochrome P450 2C9,enzyme
DB00857,DB12095,PK,BE0002363,Cytochrome P450 2D6,enzyme
DB00857,DB11682,PK,BE0002887,Cytochrome P450 2C8,enzyme
DB00871,DB00938,PD,BE0000172,Beta-1 adrenergic receptor,target
DB00871,DB01274,PD,BE0000694,Beta-2 adrenergic receptor,target
DB00871,DB01182,PD,BE0000172,Beta-1 adrenergic receptor,target
DB00871,DB13952,PK,BE0003647,Solute carrier family 22 member 2,transporter
DB00915,DB06016,PD,BE0000756,D(2) dopamine receptor,target
DB00915,DB06144,PD,BE0000756,D(2) dopamine receptor,target
DB00915,DB00938,PK,BE0003647,Solute carrier family 22 member 2,transporter
DB00915,DB13952,PK,BE0003647,Solute carrier family 22 member 2,transporter
DB00915,DB13946,PK,BE0003647,Solute carrier family 22 member 2,transporter
DB00938,DB06712,PK,BE0002887,Cytochrome P450 2C8,enzyme
DB00938,DB01198,PK,BE0002887,Cytochrome P450 2C8,enzyme
DB00938,DB01424,PK,BE0002887,Cytochrome P450 2C8,enzyme
DB00938,DB13952,PK,BE0002887,Cytochrome P450 2C8,enzyme
DB00938,DB01274,PD,BE0000694,Beta-2 adrenergic receptor,target
DB00938,DB01182,PD,BE0000172,Beta-1 adrenergic receptor,target
DB00938,DB11703,PK,BE0002638,Cytochrome P450 3A4,enzyme
DB00938,DB01167,PK,BE0002638,Cytochrome P450 3A4,enzyme
DB00938,DB01234,PK,BE0002638,Cytochrome P450 3A4,enzyme
DB00938,DB11672,PK,BE0002638,Cytochrome P450 3A4,enzyme
DB00938,DB12095,PK,BE0002887,Cytochrome P450 2C8,enzyme
DB00938,DB11682,PK,BE0002887,Cytochrome P450 2C8,enzyme
DB00957,DB01220,PK,BE0002638,Cytochrome P450 3A4,enzyme
DB00957,DB14539,PK,BE0002638,Cytochrome P450 3A4,enzyme
DB00957,DB01234,PK,BE0002638,Cytochrome P450 3A4,enzyme
DB00957,DB12329,PK,BE0002638,Cytochrome P450 3A4,enzyme
DB00957,DB05239,PK,BE0002638,Cytochrome P450 3A4,enzyme
DB00957,DB09063,PK,BE0002793,Cytochrome P450 2C9,enzyme
DB00957,DB13952,PK,BE0002638,Cytochrome P450 3A4,enzyme
DB00957,DB11703,PK,BE0002638,Cytochrome P450 3A4,enzyme
DB00957,DB09143,PK,BE0002638,Cytochrome P450 3A4,enzyme
DB00957,DB01117,PK,BE0002793,Cytochrome P450 2C9,enzyme
DB00957,DB01198,PK,BE0002638,Cytochrome P450 3A4,enzyme
DB00957,DB01424,PK,BE0002638,Cytochrome P450 3A4,enzyme
DB00957,DB01101,PK,BE0002793,Cytochrome P450 2C9,enzyme
DB00957,DB11791,PK,BE0002638,Cytochrome P450 3A4,enzyme
DB00957,DB06712,PK,BE0002638,Cytochrome P450 3A4,enzyme
DB00957,DB01167,PK,BE0002638,Cytochrome P450 3A4,enzyme
DB00957,DB11672,PK,BE0002793,Cytochrome P450 2C9,enzyme
DB00957,DB12095,PK,BE0002793,Cytochrome P450 2C9,enzyme
DB00957,DB15149,PK,BE0002638,Cytochrome P450 3A4,enzyme
DB01006,DB01115,PK,BE0002638,Cytochrome P450 3A4,enzyme
DB01006,DB01274,PK,BE0003336,Cytochrome P450 2A6,enzyme
DB01006,DB06712,PK,BE0002638,Cytochrome P450 3A4,enzyme
DB01006,DB01167,PK,BE0002638,Cytochrome P450 3A4,enzyme
DB01006,DB01234,PK,BE0002638,Cytochrome P450 3A4,enzyme
DB01006,DB11672,PK,BE0002638,Cytochrome P450 3A4,enzyme
DB01006,DB12095,PK,BE0002638,Cytochrome P450 3A4,enzyme
DB01009,DB06736,PD,BE0000017,Prostaglandin G/H synthase 1,target
DB01009,DB08981,PD,BE0000017,Prostaglandin G/H synthase 1,target
DB01009,DB13952,PK,BE0003642,Solute carrier organic anion transporter family member 1A2,transporter
DB01009,DB01198,PK,BE0002887,Cytochrome P450 2C8,enzyme
DB01009,DB11201,PD,BE0000017,Prostaglandin G/H synthase 1,target
DB01009,DB11682,PK,BE0002887,Cytochrome P450 2C8,enzyme
DB01067,DB01115,PK,BE0000703,Bile salt export pump,transporter
DB01067,DB01117,PK,BE0002793,Cytochrome P450 2C9,enzyme
DB01067,DB01101,PK,BE0002793,Cytochrome P450 2C9,enzyme
DB01078,DB01244,PD,BE0000732,Sodium/potassium-transporting ATPase subunit alpha-1,target
DB01101,DB06813,PD,BE0000324,Thymidylate synthase,target
DB01101,DB01198,PK,BE0002793,Cytochrome P450 2C9,enzyme
DB01101,DB01274,PK,BE0002793,Cytochrome P450 2C9,enzyme
DB01101,DB01424,PK,BE0002793,Cytochrome P450 2C9,enzyme
DB01101,DB13952,PK,BE0002793,Cytochrome P450 2C9,enzyme
DB01101,DB01117,PK,BE0002793,Cytochrome P450 2C9,enzyme
DB01101,DB09063,PK,BE0002793,Cytochrome P450 2C9,enzyme
DB01115,DB01244,PD,BE0027477,Calmodulin,target
DB01115,DB06712,PD,BE0002359,Voltage-dependent L-type calcium channel subunit alpha-1D,target
DB01115,DB06708,PK,BE0002638,Cytochrome P450 3A4,enzyme
DB01115,DB06813,PK,BE0001061,ATP-binding cassette sub-family C member 3,transporter
DB01115,DB11703,PK,BE0002638,Cytochrome P450 3A4,enzyme
DB01115,DB14539,PK,BE0002638,Cytochrome P450 3A4,enzyme
DB01115,DB06228,PK,BE0001032,ATP-dependent translocase ABCB1,transporter
DB01115,DB01424,PK,BE0002433,Cytochrome P450 1A2,enzyme
DB01115,DB13946,PK,BE0001032,ATP-dependent translocase ABCB1,transporter
DB01115,DB13952,PK,BE0002433,Cytochrome P450 1A2,enzyme
DB01115,DB06144,PK,BE0002638,Cytochrome P450 3A4,enzyme
DB01115,DB01274,PK,BE0002793,Cytochrome P450 2C9,enzyme
DB01115,DB11791,PK,BE0002638,Cytochrome P450 3A4,enzyme
DB01115,DB01167,PK,BE0002362,Cytochrome P450 3A5,enzyme
DB01115,DB01234,PK,BE0002362,Cytochrome P450 3A5,enzyme
DB01115,DB11672,PK,BE0002433,Cytochrome P450 1A2,enzyme
DB01115,DB12095,PK,BE0002363,Cytochrome P450 2D6,enzyme
DB01117,DB01198,PK,BE0002793,Cytochrome P450 2C9,enzyme
DB01117,DB01274,PK,BE0002793,Cytochrome P450 2C9,enzyme
DB01117,DB01424,PK,BE0002793,Cytochrome P450 2C9,enzyme
DB01117,DB13952,PK,BE0002793,Cytochrome P450 2C9,enzyme
DB01117,DB06712,PK,BE0002638,Cytochrome P450 3A4,enzyme
DB01117,DB01167,PK,BE0002638,Cytochrome P450 3A4,enzyme
DB01117,DB01234,PK,BE0002638,Cytochrome P450 3A4,enzyme
DB01117,DB11672,PK,BE0002793,Cytochrome P450 2C9,enzyme
DB01117,DB12095,PK,BE0002793,Cytochrome P450 2C9,enzyme
DB01167,DB01220,PK,BE0002638,Cytochrome P450 3A4,enzyme
DB01167,DB09063,PK,BE0002638,Cytochrome P450 3A4,enzyme
DB01167,DB06708,PK,BE0002638,Cytochrome P450 3A4,enzyme
DB01167,DB13074,PK,BE0002638,Cytochrome P450 3A4,enzyme
DB01167,DB13952,PK,BE0002638,Cytochrome P450 3A4,enzyme
DB01167,DB14539,PK,BE0002638,Cytochrome P450 3A4,enzyme
DB01167,DB01198,PK,BE0002638,Cytochrome P450 3A4,enzyme
DB01167,DB05239,PK,BE0002638,Cytochrome P450 3A4,enzyme
DB01167,DB01234,PK,BE0002362,Cytochrome P450 3A5,enzyme
DB01167,DB01424,PK,BE0002638,Cytochrome P450 3A4,enzyme
DB01167,DB01244,PK,BE0002638,Cytochrome P450 3A4,enzyme
DB01167,DB01182,PK,BE0002638,Cytochrome P450 3A4,enzyme
DB01167,DB06228,PK,BE0002638,Cytochrome P450 3A4,enzyme
DB01167,DB11703,PK,BE0002638,Cytochrome P450 3A4,enzyme
DB01167,DB09143,PK,BE0002638,Cytochrome P450 3A4,enzyme
DB01167,DB06712,PK,BE0002638,Cytochrome P450 3A4,enzyme
DB01167,DB01393,PK,BE0002638,Cytochrome P450 3A4,enzyme
DB01167,DB06016,PK,BE0002638,Cytochrome P450 3A4,enzyme
DB01167,DB06144,PK,BE0002638,Cytochrome P450 3A4,enzyme
DB01167,DB12329,PK,BE0002638,Cytochrome P450 3A4,enzyme
DB01167,DB11791,PK,BE0002638,Cytochrome P450 3A4,enzyme
DB01167,DB06813,PK,BE0001067,Broad substrate specificity ATP-binding cassette transporter ABCG2,transporter
DB01167,DB11672,PK,BE0002638,Cytochrome P450 3A4,enzyme
DB01167,DB12095,PK,BE0002638,Cytochrome P450 3A4,enzyme
DB01167,DB15149,PK,BE0002638,Cytochrome P450 3A4,enzyme
DB01182,DB01220,PK,BE0002638,Cytochrome P450 3A4,enzyme
DB01182,DB01244,PD,BE0000090,Voltage-gated inwardly rectifying potassium channel KCNH2,target
DB01182,DB06708,PK,BE0002363,Cytochrome P450 2D6,enzyme
DB01182,DB06144,PK,BE0002363,Cytochrome P450 2D6,enzyme
DB01182,DB06228,PK,BE0001032,ATP-dependent translocase ABCB1,transporter
DB01182,DB01274,PK,BE0002363,Cytochrome P450 2D6,enzyme
DB01182,DB05239,PK,BE0002638,Cytochrome P450 3A4,enzyme
DB01182,DB13952,PK,BE0002638,Cytochrome P450 3A4,enzyme
DB01182,DB11791,PK,BE0002433,Cytochrome P450 1A2,enzyme
DB01182,DB01234,PK,BE0002638,Cytochrome P450 3A4,enzyme
DB01182,DB11672,PK,BE0002638,Cytochrome P450 3A4,enzyme
DB01182,DB12095,PK,BE0002638,Cytochrome P450 3A4,enzyme
DB01182,DB15149,PK,BE0002363,Cytochrome P450 2D6,enzyme
DB01198,DB01234,PK,BE0002887,Cytochrome P450 2C8,enzyme
DB01198,DB06712,PK,BE0002887,Cytochrome P450 2C8,enzyme
DB01198,DB06791,PK,BE0002638,Cytochrome P450 3A4,enzyme
DB01198,DB09063,PK,BE0002793,Cytochrome P450 2C9,enzyme
DB01198,DB11703,PK,BE0002638,Cytochrome P450 3A4,enzyme
DB01198,DB13946,PK,BE0002638,Cytochrome P450 3A4,enzyme
DB01198,DB01393,PK,BE0002887,Cytochrome P450 2C8,enzyme
DB01198,DB13952,PK,BE0002638,Cytochrome P450 3A4,enzyme
DB01198,DB11672,PK,BE0002793,Cytochrome P450 2C9,enzyme
DB01198,DB12095,PK,BE0002887,Cytochrome P450 2C8,enzyme
DB01198,DB11682,PK,BE0002887,Cytochrome P450 2C8,enzyme
DB01220,DB11791,PK,BE0002638,Cytochrome P450 3A4,enzyme
DB01220,DB11672,PK,BE0002638,Cytochrome P450 3A4,enzyme
DB01220,DB12095,PK,BE0002638,Cytochrome P450 3A4,enzyme
DB01234,DB09091,PD,BE0000794,Glucocorticoid receptor,target
DB01234,DB14539,PD,BE0000422,Annexin A1,target
DB01234,DB13952,PK,BE0002362,Cytochrome P450 3A5,enzyme
DB01234,DB11791,PK,BE0002638,Cytochrome P450 3A4,enzyme
DB01234,DB06712,PK,BE0003533,Cytochrome P450 2E1,enzyme
DB01234,DB01393,PK,BE0002638,Cytochrome P450 3A4,enzyme
DB01234,DB06228,PK,BE0002638,Cytochrome P450 3A4,enzyme
DB01234,DB01244,PK,BE0002638,Cytochrome P450 3A4,enzyme
DB01234,DB06016,PK,BE0002638,Cytochrome P450 3A4,enzyme
DB01234,DB06144,PK,BE0002638,Cytochrome P450 3A4,enzyme
DB01234,DB06708,PK,BE0002638,Cytochrome P450 3A4,enzyme
DB01234,DB12329,PK,BE0002638,Cytochrome P450 3A4,enzyme
DB01234,DB13074,PK,BE0002638,Cytochrome P450 3A4,enzyme
DB01234,DB05239,PK,BE0002638,Cytochrome P450 3A4,enzyme
DB01234,DB11703,PK,BE0002638,Cytochrome P450 3A4,enzyme
DB01234,DB09143,PK,BE0002638,Cytochrome P450 3A4,enzyme
DB01234,DB11672,PK,BE0002638,Cytochrome P450 3A4,enzyme
DB01234,DB12095,PK,BE0002638,Cytochrome P450 3A4,enzyme
DB01234,DB15149,PK,BE0002638,Cytochrome P450 3A4,enzyme
DB01234,DB11682,PK,BE0002887,Cytochrome P450 2C8,enzyme
DB01244,DB06712,PD,BE0000864,Voltage-dependent T-type calcium channel subunit alpha-1H,target
DB01244,DB06708,PK,BE0002363,Cytochrome P450 2D6,enzyme
DB01244,DB06144,PK,BE0002363,Cytochrome P450 2D6,enzyme
DB01244,DB11672,PK,BE0002638,Cytochrome P450 3A4,enzyme
DB01244,DB12095,PK,BE0002638,Cytochrome P450 3A4,enzyme
DB01274,DB06708,PK,BE0002363,Cytochrome P450 2D6,enzyme
DB01274,DB09063,PK,BE0002793,Cytochrome P450 2C9,enzyme
DB01274,DB11672,PK,BE0002793,Cytochrome P450 2C9,enzyme
DB01393,DB01424,PK,BE0002887,Cytochrome P450 2C8,enzyme
DB01393,DB13952,PK,BE0002887,Cytochrome P450 2C8,enzyme
DB01393,DB06712,PK,BE0002887,Cytochrome P450 2C8,enzyme
DB01393,DB11672,PK,BE0002638,Cytochrome P450 3A4,enzyme
DB01393,DB12095,PK,BE0002887,Cytochrome P450 2C8,enzyme
DB01393,DB11682,PK,BE0002887,Cytochrome P450 2C8,enzyme
DB01424,DB06708,PK,BE0002363,Cytochrome P450 2D6,enzyme
DB01424,DB06712,PK,BE0002887,Cytochrome P450 2C8,enzyme
DB01424,DB13952,PK,BE0002433,Cytochrome P450 1A2,enzyme
DB01424,DB11791,PK,BE0002433,Cytochrome P450 1A2,enzyme
DB01424,DB09063,PK,BE0002793,Cytochrome P450 2C9,enzyme
DB01424,DB11672,PK,BE0002793,Cytochrome P450 2C9,enzyme
DB01424,DB12095,PK,BE0002363,Cytochrome P450 2D6,enzyme
DB01424,DB11682,PK,BE0002887,Cytochrome P450 2C8,enzyme
DB01616,DB06016,PD,BE0000291,5-hydroxytryptamine receptor 1A,target
DB05239,DB06712,PK,BE0002638,Cytochrome P450 3A4,enzyme
DB05239,DB14539,PK,BE0002638,Cytochrome P450 3A4,enzyme
DB05239,DB13952,PK,BE0002638,Cytochrome P450 3A4,enzyme
DB05239,DB09063,PK,BE0002638,Cytochrome P450 3A4,enzyme
DB05239,DB06791,PK,BE0002638,Cytochrome P450 3A4,enzyme
DB05239,DB11703,PK,BE0002638,Cytochrome P450 3A4,enzyme
DB05239,DB09143,PK,BE0002638,Cytochrome P450 3A4,enzyme
DB05239,DB06228,PK,BE0002638,Cytochrome P450 3A4,enzyme
DB05239,DB11791,PK,BE0002638,Cytochrome P450 3A4,enzyme
DB05239,DB11672,PK,BE0002638,Cytochrome P450 3A4,enzyme
DB05239,DB12095,PK,BE0002638,Cytochrome P450 3A4,enzyme
DB05239,DB15149,PK,BE0002638,Cytochrome P450 3A4,enzyme
DB06016,DB06144,PD,BE0000451,5-hydroxytryptamine receptor 2A,target
DB06016,DB06712,PK,BE0002638,Cytochrome P450 3A4,enzyme
DB06016,DB11672,PK,BE0002793,Cytochrome P450 2C9,enzyme
DB06016,DB12095,PK,BE0002793,Cytochrome P450 2C9,enzyme
DB06144,DB06708,PK,BE0002363,Cytochrome P450 2D6,enzyme
DB06144,DB06712,PK,BE0002638,Cytochrome P450 3A4,enzyme
DB06144,DB11672,PK,BE0002638,Cytochrome P450 3A4,enzyme
DB06144,DB12095,PK,BE0002638,Cytochrome P450 3A4,enzyme
DB06228,DB11703,PK,BE0002638,Cytochrome P450 3A4,enzyme
DB06228,DB14539,PK,BE0002638,Cytochrome P450 3A4,enzyme
DB06228,DB09063,PK,BE0002638,Cytochrome P450 3A4,enzyme
DB06228,DB11791,PK,BE0001032,ATP-dependent translocase ABCB1,transporter
DB06228,DB06712,PK,BE0002638,Cytochrome P450 3A4,enzyme
DB06228,DB11672,PK,BE0002638,Cytochrome P450 3A4,enzyme
DB06228,DB12095,PK,BE0002638,Cytochrome P450 3A4,enzyme
DB06228,DB15149,PK,BE0001032,ATP-dependent translocase ABCB1,transporter
DB06708,DB11672,PK,BE0002638,Cytochrome P450 3A4,enzyme
DB06708,DB12095,PK,BE0002638,Cytochrome P450 3A4,enzyme
DB06712,DB09143,PK,BE0002638,Cytochrome P450 3A4,enzyme
DB06712,DB11703,PK,BE0002638,Cytochrome P450 3A4,enzyme
DB06712,DB13952,PK,BE0002887,Cytochrome P450 2C8,enzyme
DB06712,DB11791,PK,BE0002638,Cytochrome P450 3A4,enzyme
DB06712,DB12329,PK,BE0002638,Cytochrome P450 3A4,enzyme
DB06712,DB14539,PK,BE0002638,Cytochrome P450 3A4,enzyme
DB06712,DB11672,PK,BE0002638,Cytochrome P450 3A4,enzyme
DB06712,DB12095,PK,BE0002887,Cytochrome P450 2C8,enzyme
DB06712,DB15149,PK,BE0002638,Cytochrome P450 3A4,enzyme
DB06712,DB11682,PK,BE0002887,Cytochrome P450 2C8,enzyme
DB06736,DB08981,PD,BE0000017,Prostaglandin G/H synthase 1,target
DB06736,DB11201,PD,BE0000017,Prostaglandin G/H synthase 1,target
DB06791,DB11703,PK,BE0002638,Cytochrome P450 3A4,enzyme
DB06791,DB09143,PK,BE0002638,Cytochrome P450 3A4,enzyme
DB06813,DB13952,PK,BE0001067,Broad substrate specificity ATP-binding cassette transporter ABCG2,transporter
DB06813,DB11791,PK,BE0001067,Broad substrate specificity ATP-binding cassette transporter ABCG2,transporter
DB08981,DB11201,PD,BE0000017,Prostaglandin G/H synthase 1,target
DB09063,DB13952,PK,BE0002793,Cytochrome P450 2C9,enzyme
DB09063,DB11703,PK,BE0002638,Cytochrome P450 3A4,enzyme
DB09063,DB09143,PK,BE0002638,Cytochrome P450 3A4,enzyme
DB09063,DB11791,PK,BE0002638,Cytochrome P450 3A4,enzyme
DB09063,DB11672,PK,BE0002793,Cytochrome P450 2C9,enzyme
DB09063,DB12095,PK,BE0002793,Cytochrome P450 2C9,enzyme
DB09063,DB15149,PK,BE0002793,Cytochrome P450 2C9,enzyme
DB09091,DB14539,PD,BE0000794,Glucocorticoid receptor,target
DB09143,DB13952,PK,BE0002638,Cytochrome P450 3A4,enzyme
DB09143,DB14539,PK,BE0002638,Cytochrome P450 3A4,enzyme
DB09143,DB11703,PK,BE0002638,Cytochrome P450 3A4,enzyme
DB09143,DB11672,PK,BE0002638,Cytochrome P450 3A4,enzyme
DB09143,DB12095,PK,BE0002638,Cytochrome P450 3A4,enzyme
DB11672,DB11703,PK,BE0002638,Cytochrome P450 3A4,enzyme
DB11672,DB11791,PK,BE0002638,Cytochrome P450 3A4,enzyme
DB11672,DB12329,PK,BE0002638,Cytochrome P450 3A4,enzyme
DB11672,DB13074,PK,BE0002638,Cytochrome P450 3A4,enzyme
DB11672,DB13952,PK,BE0002793,Cytochrome P450 2C9,enzyme
DB11672,DB14539,PK,BE0002638,Cytochrome P450 3A4,enzyme
DB11672,DB15149,PK,BE0002793,Cytochrome P450 2C9,enzyme
DB11672,DB12095,PK,BE0002793,Cytochrome P450 2C9,enzyme
DB11682,DB13952,PK,BE0002887,Cytochrome P450 2C8,enzyme
DB11703,DB13952,PK,BE0002638,Cytochrome P450 3A4,enzyme
DB11703,DB14539,PK,BE0002638,Cytochrome P450 3A4,enzyme
DB11703,DB11791,PK,BE0002638,Cytochrome P450 3A4,enzyme
DB11703,DB12095,PK,BE0002638,Cytochrome P450 3A4,enzyme
DB11791,DB13946,PK,BE0002638,Cytochrome P450 3A4,enzyme
DB11791,DB13952,PK,BE0002638,Cytochrome P450 3A4,enzyme
DB11791,DB14539,PK,BE0002638,Cytochrome P450 3A4,enzyme
DB11791,DB12095,PK,BE0002638,Cytochrome P450 3A4,enzyme
DB11791,DB15149,PK,BE0001032,ATP-dependent translocase ABCB1,transporter
DB12095,DB12329,PK,BE0002638,Cytochrome P450 3A4,enzyme
DB12095,DB13074,PK,BE0002638,Cytochrome P450 3A4,enzyme
DB12095,DB13952,PK,BE0002887,Cytochrome P450 2C8,enzyme
DB12095,DB14539,PK,BE0002638,Cytochrome P450 3A4,enzyme
DB12095,DB15149,PK,BE0002793,Cytochrome P450 2C9,enzyme
DB13946,DB13952,PK,BE0001032,ATP-dependent translocase ABCB1,transporter
DB13952,DB14539,PK,BE0002887,Cytochrome P450 2C8,enzyme
